-- MariaDB dump 10.19  Distrib 10.5.10-MariaDB, for debian-linux-gnu (x86_64)
--
-- Host: localhost    Database: northwind
-- ------------------------------------------------------
-- Server version	10.5.10-MariaDB-1:10.5.10+maria~focal

/*!40101 SET @OLD_CHARACTER_SET_CLIENT=@@CHARACTER_SET_CLIENT */;
/*!40101 SET @OLD_CHARACTER_SET_RESULTS=@@CHARACTER_SET_RESULTS */;
/*!40101 SET @OLD_COLLATION_CONNECTION=@@COLLATION_CONNECTION */;
/*!40101 SET NAMES utf8mb4 */;
/*!40103 SET @OLD_TIME_ZONE=@@TIME_ZONE */;
/*!40103 SET TIME_ZONE='+00:00' */;
/*!40014 SET @OLD_UNIQUE_CHECKS=@@UNIQUE_CHECKS, UNIQUE_CHECKS=0 */;
/*!40014 SET @OLD_FOREIGN_KEY_CHECKS=@@FOREIGN_KEY_CHECKS, FOREIGN_KEY_CHECKS=0 */;
/*!40101 SET @OLD_SQL_MODE=@@SQL_MODE, SQL_MODE='NO_AUTO_VALUE_ON_ZERO' */;
/*!40111 SET @OLD_SQL_NOTES=@@SQL_NOTES, SQL_NOTES=0 */;

DROP DATABASE IF EXISTS `northwind_small`;
CREATE DATABASE IF NOT EXISTS `northwind_small`;
USE `northwind_small`;

--
-- Table structure for table `customers`
--

DROP TABLE IF EXISTS `customers`;
/*!40101 SET @saved_cs_client     = @@character_set_client */;
/*!40101 SET character_set_client = utf8 */;
CREATE TABLE `customers` (
  `id` int(11) NOT NULL AUTO_INCREMENT,
  `company` varchar(50) DEFAULT NULL,
  `last_name` varchar(50) DEFAULT NULL,
  `first_name` varchar(50) DEFAULT NULL,
  `email_address` varchar(50) DEFAULT NULL,
  `job_title` varchar(50) DEFAULT NULL,
  `business_phone` varchar(25) DEFAULT NULL,
  `home_phone` varchar(25) DEFAULT NULL,
  `mobile_phone` varchar(25) DEFAULT NULL,
  `fax_number` varchar(25) DEFAULT NULL,
  `address` longtext DEFAULT NULL,
  `city` varchar(50) DEFAULT NULL,
  `state_province` varchar(50) DEFAULT NULL,
  `zip_postal_code` varchar(15) DEFAULT NULL,
  `country_region` varchar(50) DEFAULT NULL,
  `web_page` longtext DEFAULT NULL,
  `notes` longtext DEFAULT NULL,
  `attachments` longblob DEFAULT NULL,
  PRIMARY KEY (`id`)
) ENGINE=InnoDB AUTO_INCREMENT=30 DEFAULT CHARSET=utf8;
/*!40101 SET character_set_client = @saved_cs_client */;

--
-- Dumping data for table `customers`
--

LOCK TABLES `customers` WRITE;
/*!40000 ALTER TABLE `customers` DISABLE KEYS */;
INSERT INTO `customers` VALUES (1,'Company A','Bedecs','Anna',NULL,'Owner','(123)555-0100',NULL,NULL,'(123)555-0101','123 1st Street','Seattle','WA','99999','USA',NULL,NULL,''),(2,'Company B','Gratacos Solsona','Antonio',NULL,'Owner','(123)555-0100',NULL,NULL,'(123)555-0101','123 2nd Street','Boston','MA','99999','USA',NULL,NULL,''),(3,'Company C','Axen','Thomas',NULL,'Purchasing Representative','(123)555-0100',NULL,NULL,'(123)555-0101','123 3rd Street','Los Angelas','CA','99999','USA',NULL,NULL,''),(4,'Company D','Lee','Christina',NULL,'Purchasing Manager','(123)555-0100',NULL,NULL,'(123)555-0101','123 4th Street','New York','NY','99999','USA',NULL,NULL,''),(5,'Company E','O’Donnell','Martin',NULL,'Owner','(123)555-0100',NULL,NULL,'(123)555-0101','123 5th Street','Minneapolis','MN','99999','USA',NULL,NULL,''),(6,'Company F','Pérez-Olaeta','Francisco',NULL,'Purchasing Manager','(123)555-0100',NULL,NULL,'(123)555-0101','123 6th Street','Milwaukee','WI','99999','USA',NULL,NULL,''),(7,'Company G','Xie','Ming-Yang',NULL,'Owner','(123)555-0100',NULL,NULL,'(123)555-0101','123 7th Street','Boise','ID','99999','USA',NULL,NULL,''),(8,'Company H','Andersen','Elizabeth',NULL,'Purchasing Representative','(123)555-0100',NULL,NULL,'(123)555-0101','123 8th Street','Portland','OR','99999','USA',NULL,NULL,''),(9,'Company I','Mortensen','Sven',NULL,'Purchasing Manager','(123)555-0100',NULL,NULL,'(123)555-0101','123 9th Street','Salt Lake City','UT','99999','USA',NULL,NULL,''),(10,'Company J','Wacker','Roland',NULL,'Purchasing Manager','(123)555-0100',NULL,NULL,'(123)555-0101','123 10th Street','Chicago','IL','99999','USA',NULL,NULL,''),(11,'Company K','Krschne','Peter',NULL,'Purchasing Manager','(123)555-0100',NULL,NULL,'(123)555-0101','123 11th Street','Miami','FL','99999','USA',NULL,NULL,''),(12,'Company L','Edwards','John',NULL,'Purchasing Manager','(123)555-0100',NULL,NULL,'(123)555-0101','123 12th Street','Las Vegas','NV','99999','USA',NULL,NULL,''),(13,'Company M','Ludick','Andre',NULL,'Purchasing Representative','(123)555-0100',NULL,NULL,'(123)555-0101','456 13th Street','Memphis','TN','99999','USA',NULL,NULL,''),(14,'Company N','Grilo','Carlos',NULL,'Purchasing Representative','(123)555-0100',NULL,NULL,'(123)555-0101','456 14th Street','Denver','CO','99999','USA',NULL,NULL,''),(15,'Company O','Kupkova','Helena',NULL,'Purchasing Manager','(123)555-0100',NULL,NULL,'(123)555-0101','456 15th Street','Honolulu','HI','99999','USA',NULL,NULL,''),(16,'Company P','Goldschmidt','Daniel',NULL,'Purchasing Representative','(123)555-0100',NULL,NULL,'(123)555-0101','456 16th Street','San Francisco','CA','99999','USA',NULL,NULL,''),(17,'Company Q','Bagel','Jean Philippe',NULL,'Owner','(123)555-0100',NULL,NULL,'(123)555-0101','456 17th Street','Seattle','WA','99999','USA',NULL,NULL,''),(18,'Company R','Autier Miconi','Catherine',NULL,'Purchasing Representative','(123)555-0100',NULL,NULL,'(123)555-0101','456 18th Street','Boston','MA','99999','USA',NULL,NULL,''),(19,'Company S','Eggerer','Alexander',NULL,'Accounting Assistant','(123)555-0100',NULL,NULL,'(123)555-0101','789 19th Street','Los Angelas','CA','99999','USA',NULL,NULL,''),(20,'Company T','Li','George',NULL,'Purchasing Manager','(123)555-0100',NULL,NULL,'(123)555-0101','789 20th Street','New York','NY','99999','USA',NULL,NULL,''),(21,'Company U','Tham','Bernard',NULL,'Accounting Manager','(123)555-0100',NULL,NULL,'(123)555-0101','789 21th Street','Minneapolis','MN','99999','USA',NULL,NULL,''),(22,'Company V','Ramos','Luciana',NULL,'Purchasing Assistant','(123)555-0100',NULL,NULL,'(123)555-0101','789 22th Street','Milwaukee','WI','99999','USA',NULL,NULL,''),(23,'Company W','Entin','Michael',NULL,'Purchasing Manager','(123)555-0100',NULL,NULL,'(123)555-0101','789 23th Street','Portland','OR','99999','USA',NULL,NULL,''),(24,'Company X','Hasselberg','Jonas',NULL,'Owner','(123)555-0100',NULL,NULL,'(123)555-0101','789 24th Street','Salt Lake City','UT','99999','USA',NULL,NULL,''),(25,'Company Y','Rodman','John',NULL,'Purchasing Manager','(123)555-0100',NULL,NULL,'(123)555-0101','789 25th Street','Chicago','IL','99999','USA',NULL,NULL,''),(26,'Company Z','Liu','Run',NULL,'Accounting Assistant','(123)555-0100',NULL,NULL,'(123)555-0101','789 26th Street','Miami','FL','99999','USA',NULL,NULL,''),(27,'Company AA','Toh','Karen',NULL,'Purchasing Manager','(123)555-0100',NULL,NULL,'(123)555-0101','789 27th Street','Las Vegas','NV','99999','USA',NULL,NULL,''),(28,'Company BB','Raghav','Amritansh',NULL,'Purchasing Manager','(123)555-0100',NULL,NULL,'(123)555-0101','789 28th Street','Memphis','TN','99999','USA',NULL,NULL,''),(29,'Company CC','Lee','Soo Jung',NULL,'Purchasing Manager','(123)555-0100',NULL,NULL,'(123)555-0101','789 29th Street','Denver','CO','99999','USA',NULL,NULL,'');
/*!40000 ALTER TABLE `customers` ENABLE KEYS */;
UNLOCK TABLES;

--
-- Table structure for table `employees`
--

DROP TABLE IF EXISTS `employees`;
/*!40101 SET @saved_cs_client     = @@character_set_client */;
/*!40101 SET character_set_client = utf8 */;
CREATE TABLE `employees` (
  `id` int(11) NOT NULL AUTO_INCREMENT,
  `company` varchar(50) DEFAULT NULL,
  `last_name` varchar(50) DEFAULT NULL,
  `first_name` varchar(50) DEFAULT NULL,
  `email_address` varchar(50) DEFAULT NULL,
  `job_title` varchar(50) DEFAULT NULL,
  `business_phone` varchar(25) DEFAULT NULL,
  `home_phone` varchar(25) DEFAULT NULL,
  `mobile_phone` varchar(25) DEFAULT NULL,
  `fax_number` varchar(25) DEFAULT NULL,
  `address` longtext DEFAULT NULL,
  `city` varchar(50) DEFAULT NULL,
  `state_province` varchar(50) DEFAULT NULL,
  `zip_postal_code` varchar(15) DEFAULT NULL,
  `country_region` varchar(50) DEFAULT NULL,
  `web_page` longtext DEFAULT NULL,
  `notes` longtext DEFAULT NULL,
  `attachments` longblob DEFAULT NULL,
  PRIMARY KEY (`id`)
) ENGINE=InnoDB AUTO_INCREMENT=10 DEFAULT CHARSET=utf8;
/*!40101 SET character_set_client = @saved_cs_client */;

--
-- Dumping data for table `employees`
--

LOCK TABLES `employees` WRITE;
/*!40000 ALTER TABLE `employees` DISABLE KEYS */;
INSERT INTO `employees` VALUES (1,'Northwind Traders','Freehafer','Nancy','nancy@northwindtraders.com','Sales Representative','(123)555-0100','(123)555-0102',NULL,'(123)555-0103','123 1st Avenue','Seattle','WA','99999','USA','#http://northwindtraders.com#',NULL,''),(2,'Northwind Traders','Cencini','Andrew','andrew@northwindtraders.com','Vice President, Sales','(123)555-0100','(123)555-0102',NULL,'(123)555-0103','123 2nd Avenue','Bellevue','WA','99999','USA','http://northwindtraders.com#http://northwindtraders.com/#','Joined the company as a sales representative, was promoted to sales manager and was then named vice president of sales.',''),(3,'Northwind Traders','Kotas','Jan','jan@northwindtraders.com','Sales Representative','(123)555-0100','(123)555-0102',NULL,'(123)555-0103','123 3rd Avenue','Redmond','WA','99999','USA','http://northwindtraders.com#http://northwindtraders.com/#','Was hired as a sales associate and was promoted to sales representative.',''),(4,'Northwind Traders','Sergienko','Mariya','mariya@northwindtraders.com','Sales Representative','(123)555-0100','(123)555-0102',NULL,'(123)555-0103','123 4th Avenue','Kirkland','WA','99999','USA','http://northwindtraders.com#http://northwindtraders.com/#',NULL,''),(5,'Northwind Traders','Thorpe','Steven','steven@northwindtraders.com','Sales Manager','(123)555-0100','(123)555-0102',NULL,'(123)555-0103','123 5th Avenue','Seattle','WA','99999','USA','http://northwindtraders.com#http://northwindtraders.com/#','Joined the company as a sales representative and was promoted to sales manager.  Fluent in French.',''),(6,'Northwind Traders','Neipper','Michael','michael@northwindtraders.com','Sales Representative','(123)555-0100','(123)555-0102',NULL,'(123)555-0103','123 6th Avenue','Redmond','WA','99999','USA','http://northwindtraders.com#http://northwindtraders.com/#','Fluent in Japanese and can read and write French, Portuguese, and Spanish.',''),(7,'Northwind Traders','Zare','Robert','robert@northwindtraders.com','Sales Representative','(123)555-0100','(123)555-0102',NULL,'(123)555-0103','123 7th Avenue','Seattle','WA','99999','USA','http://northwindtraders.com#http://northwindtraders.com/#',NULL,''),(8,'Northwind Traders','Giussani','Laura','laura@northwindtraders.com','Sales Coordinator','(123)555-0100','(123)555-0102',NULL,'(123)555-0103','123 8th Avenue','Redmond','WA','99999','USA','http://northwindtraders.com#http://northwindtraders.com/#','Reads and writes French.',''),(9,'Northwind Traders','Hellung-Larsen','Anne','anne@northwindtraders.com','Sales Representative','(123)555-0100','(123)555-0102',NULL,'(123)555-0103','123 9th Avenue','Seattle','WA','99999','USA','http://northwindtraders.com#http://northwindtraders.com/#','Fluent in French and German.','');
/*!40000 ALTER TABLE `employees` ENABLE KEYS */;
UNLOCK TABLES;

--
-- Table structure for table `order_details`
--

DROP TABLE IF EXISTS `order_details`;
/*!40101 SET @saved_cs_client     = @@character_set_client */;
/*!40101 SET character_set_client = utf8 */;
CREATE TABLE `order_details` (
  `id` int(11) NOT NULL AUTO_INCREMENT,
  `order_id` int(11) NOT NULL,
  `product_id` int(11) DEFAULT NULL,
  `quantity` decimal(18,4) NOT NULL DEFAULT 0.0000,
  `unit_price` decimal(19,4) DEFAULT 0.0000,
  `discount` double NOT NULL DEFAULT 0,
  `date_allocated` datetime DEFAULT NULL,
  PRIMARY KEY (`id`)
) ENGINE=InnoDB AUTO_INCREMENT=92 DEFAULT CHARSET=utf8;
/*!40101 SET character_set_client = @saved_cs_client */;

--
-- Dumping data for table `order_details`
--

LOCK TABLES `order_details` WRITE;
/*!40000 ALTER TABLE `order_details` DISABLE KEYS */;
INSERT INTO `order_details` VALUES (27,30,34,100.0000,14.0000,0,NULL),(28,30,80,30.0000,3.5000,0,NULL),(29,31,7,10.0000,30.0000,0,NULL),(30,31,51,10.0000,53.0000,0,NULL),(31,31,80,10.0000,3.5000,0,NULL),(32,32,1,15.0000,18.0000,0,NULL),(33,32,43,20.0000,46.0000,0,NULL),(34,33,19,30.0000,9.2000,0,NULL),(35,34,19,20.0000,9.2000,0,NULL),(36,35,48,10.0000,12.7500,0,NULL),(37,36,41,200.0000,9.6500,0,NULL),(38,37,8,17.0000,40.0000,0,NULL),(39,38,43,300.0000,46.0000,0,NULL),(40,39,48,100.0000,12.7500,0,NULL),(41,40,81,200.0000,2.9900,0,NULL),(42,41,43,300.0000,46.0000,0,NULL),(43,42,6,10.0000,25.0000,0,NULL),(44,42,4,10.0000,22.0000,0,NULL),(45,42,19,10.0000,9.2000,0,NULL),(46,43,80,20.0000,3.5000,0,NULL),(47,43,81,50.0000,2.9900,0,NULL),(48,44,1,25.0000,18.0000,0,NULL),(49,44,43,25.0000,46.0000,0,NULL),(50,44,81,25.0000,2.9900,0,NULL),(51,45,41,50.0000,9.6500,0,NULL),(52,45,40,50.0000,18.4000,0,NULL),(53,46,57,100.0000,19.5000,0,NULL),(54,46,72,50.0000,34.8000,0,NULL),(55,47,34,300.0000,14.0000,0,NULL),(56,48,8,25.0000,40.0000,0,NULL),(57,48,19,25.0000,9.2000,0,NULL),(59,50,21,20.0000,10.0000,0,NULL),(60,51,5,25.0000,21.3500,0,NULL),(61,51,41,30.0000,9.6500,0,NULL),(62,51,40,30.0000,18.4000,0,NULL),(66,56,48,10.0000,12.7500,0,NULL),(67,55,34,87.0000,14.0000,0,NULL),(68,79,7,30.0000,30.0000,0,NULL),(69,79,51,30.0000,53.0000,0,NULL),(70,78,17,40.0000,39.0000,0,NULL),(71,77,6,90.0000,25.0000,0,NULL),(72,76,4,30.0000,22.0000,0,NULL),(73,75,48,40.0000,12.7500,0,NULL),(74,74,48,40.0000,12.7500,0,NULL),(75,73,41,10.0000,9.6500,0,NULL),(76,72,43,5.0000,46.0000,0,NULL),(77,71,40,40.0000,18.4000,0,NULL),(78,70,8,20.0000,40.0000,0,NULL),(79,69,80,15.0000,3.5000,0,NULL),(80,67,74,20.0000,10.0000,0,NULL),(81,60,72,40.0000,34.8000,0,NULL),(82,63,3,50.0000,10.0000,0,NULL),(83,63,8,3.0000,40.0000,0,NULL),(84,58,20,40.0000,81.0000,0,NULL),(85,58,52,40.0000,7.0000,0,NULL),(86,80,56,10.0000,38.0000,0,NULL),(90,81,81,0.0000,2.9900,0,NULL),(91,81,56,0.0000,38.0000,0,NULL);
/*!40000 ALTER TABLE `order_details` ENABLE KEYS */;
UNLOCK TABLES;

--
-- Table structure for table `orders`
--

DROP TABLE IF EXISTS `orders`;
/*!40101 SET @saved_cs_client     = @@character_set_client */;
/*!40101 SET character_set_client = utf8 */;
CREATE TABLE `orders` (
  `id` int(11) NOT NULL DEFAULT 0,
  `employee_id` int(11) DEFAULT NULL,
  `customer_id` int(11) DEFAULT NULL,
  `order_date` datetime DEFAULT NULL,
  `shipped_date` datetime DEFAULT NULL,
  `shipper_id` int(11) DEFAULT NULL,
  `ship_name` varchar(50) CHARACTER SET utf8 DEFAULT NULL,
  `ship_address` longtext CHARACTER SET utf8 DEFAULT NULL,
  `ship_city` varchar(50) CHARACTER SET utf8 DEFAULT NULL,
  `ship_state_province` varchar(50) CHARACTER SET utf8 DEFAULT NULL,
  `ship_zip_postal_code` varchar(50) CHARACTER SET utf8 DEFAULT NULL,
  `ship_country_region` varchar(50) CHARACTER SET utf8 DEFAULT NULL,
  `shipping_fee` decimal(19,4) DEFAULT 0.0000,
  `taxes` decimal(19,4) DEFAULT 0.0000,
  `payment_type` varchar(50) CHARACTER SET utf8 DEFAULT NULL,
  `paid_date` datetime DEFAULT NULL,
  `notes` longtext CHARACTER SET utf8 DEFAULT NULL,
  `tax_rate` double DEFAULT 0,
  `status` varchar(50) CHARACTER SET utf8 NOT NULL,
  PRIMARY KEY (`id`)
) ENGINE=InnoDB DEFAULT CHARSET=latin1;
/*!40101 SET character_set_client = @saved_cs_client */;

--
-- Dumping data for table `orders`
--

LOCK TABLES `orders` WRITE;
/*!40000 ALTER TABLE `orders` DISABLE KEYS */;
INSERT INTO `orders` VALUES (41,1,7,'2006-03-24 00:00:00',NULL,NULL,'Ming-Yang Xie','123 7th Street','Boise','ID','99999','USA',0.0000,0.0000,NULL,NULL,NULL,0,'New'),(43,1,11,'2006-03-24 00:00:00',NULL,3,'Peter Krschne','123 11th Street','Miami','FL','99999','USA',0.0000,0.0000,NULL,NULL,NULL,0,'New'),(44,1,1,'2006-03-24 00:00:00',NULL,NULL,'Anna Bedecs','123 1st Street','Seattle','WA','99999','USA',0.0000,0.0000,NULL,NULL,NULL,0,'New'),(57,9,27,'2006-04-22 00:00:00','2006-04-22 00:00:00',2,'Karen Toh','789 27th Street','Las Vegas','NV','99999','USA',200.0000,0.0000,'Check','2006-04-22 00:00:00',NULL,0,'New'),(59,4,12,'2006-04-22 00:00:00','2006-04-22 00:00:00',2,'John Edwards','123 12th Street','Las Vegas','NV','99999','USA',5.0000,0.0000,'Credit Card','2006-04-22 00:00:00',NULL,0,'New'),(61,9,4,'2006-04-07 00:00:00','2006-04-07 00:00:00',3,'Christina Lee','123 4th Street','New York','NY','99999','USA',4.0000,0.0000,'Check','2006-04-07 00:00:00',NULL,0,'New'),(62,3,29,'2006-04-12 00:00:00','2006-04-12 00:00:00',2,'Soo Jung Lee','789 29th Street','Denver','CO','99999','USA',7.0000,0.0000,'Check','2006-04-12 00:00:00',NULL,0,'New'),(64,8,6,'2006-05-09 00:00:00','2006-05-09 00:00:00',2,'Francisco Pérez-Olaeta','123 6th Street','Milwaukee','WI','99999','USA',12.0000,0.0000,'Credit Card','2006-05-09 00:00:00',NULL,0,'New'),(65,9,28,'2006-05-11 00:00:00','2006-05-11 00:00:00',3,'Amritansh Raghav','789 28th Street','Memphis','TN','99999','USA',10.0000,0.0000,'Check','2006-05-11 00:00:00',NULL,0,'New'),(66,3,8,'2006-05-24 00:00:00','2006-05-24 00:00:00',3,'Elizabeth Andersen','123 8th Street','Portland','OR','99999','USA',5.0000,0.0000,'Check','2006-05-24 00:00:00',NULL,0,'New'),(68,1,7,'2006-05-24 00:00:00',NULL,NULL,'Ming-Yang Xie','123 7th Street','Boise','ID','99999','USA',0.0000,0.0000,NULL,NULL,NULL,0,'New'),(69,1,10,'2006-05-24 00:00:00',NULL,1,'Roland Wacker','123 10th Street','Chicago','IL','99999','USA',0.0000,0.0000,NULL,NULL,NULL,0,'New'),(70,1,11,'2006-05-24 00:00:00',NULL,3,'Peter Krschne','123 11th Street','Miami','FL','99999','USA',0.0000,0.0000,NULL,NULL,NULL,0,'New'),(71,1,1,'2006-05-24 00:00:00',NULL,3,'Anna Bedecs','123 1st Street','Seattle','WA','99999','USA',0.0000,0.0000,NULL,NULL,NULL,0,'New'),(80,2,4,'2006-04-25 17:03:55',NULL,NULL,'Christina Lee','123 4th Street','New York','NY','99999','USA',0.0000,0.0000,NULL,NULL,NULL,0,'New'),(81,2,3,'2006-04-25 17:26:53',NULL,NULL,'Thomas Axen','123 3rd Street','Los Angelas','CA','99999','USA',0.0000,0.0000,NULL,NULL,NULL,0,'New'),(42,1,10,'2006-03-24 00:00:00','2006-04-07 00:00:00',1,'Roland Wacker','123 10th Street','Chicago','IL','99999','USA',0.0000,0.0000,NULL,NULL,NULL,0,'Shipped'),(30,9,27,'2006-01-15 00:00:00','2006-01-22 00:00:00',2,'Karen Toh','789 27th Street','Las Vegas','NV','99999','USA',200.0000,0.0000,'Check','2006-01-15 00:00:00',NULL,0,'Closed'),(31,3,4,'2006-01-20 00:00:00','2006-01-22 00:00:00',1,'Christina Lee','123 4th Street','New York','NY','99999','USA',5.0000,0.0000,'Credit Card','2006-01-20 00:00:00',NULL,0,'Closed'),(32,4,12,'2006-01-22 00:00:00','2006-01-22 00:00:00',2,'John Edwards','123 12th Street','Las Vegas','NV','99999','USA',5.0000,0.0000,'Credit Card','2006-01-22 00:00:00',NULL,0,'Closed'),(33,6,8,'2006-01-30 00:00:00','2006-01-31 00:00:00',3,'Elizabeth Andersen','123 8th Street','Portland','OR','99999','USA',50.0000,0.0000,'Credit Card','2006-01-30 00:00:00',NULL,0,'Closed'),(34,9,4,'2006-02-06 00:00:00','2006-02-07 00:00:00',3,'Christina Lee','123 4th Street','New York','NY','99999','USA',4.0000,0.0000,'Check','2006-02-06 00:00:00',NULL,0,'Closed'),(35,3,29,'2006-02-10 00:00:00','2006-02-12 00:00:00',2,'Soo Jung Lee','789 29th Street','Denver','CO','99999','USA',7.0000,0.0000,'Check','2006-02-10 00:00:00',NULL,0,'Closed'),(36,4,3,'2006-02-23 00:00:00','2006-02-25 00:00:00',2,'Thomas Axen','123 3rd Street','Los Angelas','CA','99999','USA',7.0000,0.0000,'Cash','2006-02-23 00:00:00',NULL,0,'Closed'),(37,8,6,'2006-03-06 00:00:00','2006-03-09 00:00:00',2,'Francisco Pérez-Olaeta','123 6th Street','Milwaukee','WI','99999','USA',12.0000,0.0000,'Credit Card','2006-03-06 00:00:00',NULL,0,'Closed'),(38,9,28,'2006-03-10 00:00:00','2006-03-11 00:00:00',3,'Amritansh Raghav','789 28th Street','Memphis','TN','99999','USA',10.0000,0.0000,'Check','2006-03-10 00:00:00',NULL,0,'Closed'),(39,3,8,'2006-03-22 00:00:00','2006-03-24 00:00:00',3,'Elizabeth Andersen','123 8th Street','Portland','OR','99999','USA',5.0000,0.0000,'Check','2006-03-22 00:00:00',NULL,0,'Closed'),(40,4,10,'2006-03-24 00:00:00','2006-03-24 00:00:00',2,'Roland Wacker','123 10th Street','Chicago','IL','99999','USA',9.0000,0.0000,'Credit Card','2006-03-24 00:00:00',NULL,0,'Closed'),(45,1,28,'2006-04-07 00:00:00','2006-04-07 00:00:00',3,'Amritansh Raghav','789 28th Street','Memphis','TN','99999','USA',40.0000,0.0000,'Credit Card','2006-04-07 00:00:00',NULL,0,'Closed'),(46,7,9,'2006-04-05 00:00:00','2006-04-05 00:00:00',1,'Sven Mortensen','123 9th Street','Salt Lake City','UT','99999','USA',100.0000,0.0000,'Check','2006-04-05 00:00:00',NULL,0,'Closed'),(47,6,6,'2006-04-08 00:00:00','2006-04-08 00:00:00',2,'Francisco Pérez-Olaeta','123 6th Street','Milwaukee','WI','99999','USA',300.0000,0.0000,'Credit Card','2006-04-08 00:00:00',NULL,0,'Closed'),(48,4,8,'2006-04-05 00:00:00','2006-04-05 00:00:00',2,'Elizabeth Andersen','123 8th Street','Portland','OR','99999','USA',50.0000,0.0000,'Check','2006-04-05 00:00:00',NULL,0,'Closed'),(50,9,25,'2006-04-05 00:00:00','2006-04-05 00:00:00',1,'John Rodman','789 25th Street','Chicago','IL','99999','USA',5.0000,0.0000,'Cash','2006-04-05 00:00:00',NULL,0,'Closed'),(51,9,26,'2006-04-05 00:00:00','2006-04-05 00:00:00',3,'Run Liu','789 26th Street','Miami','FL','99999','USA',60.0000,0.0000,'Credit Card','2006-04-05 00:00:00',NULL,0,'Closed'),(55,1,29,'2006-04-05 00:00:00','2006-04-05 00:00:00',2,'Soo Jung Lee','789 29th Street','Denver','CO','99999','USA',200.0000,0.0000,'Check','2006-04-05 00:00:00',NULL,0,'Closed'),(56,2,6,'2006-04-03 00:00:00','2006-04-03 00:00:00',3,'Francisco Pérez-Olaeta','123 6th Street','Milwaukee','WI','99999','USA',0.0000,0.0000,'Check','2006-04-03 00:00:00',NULL,0,'Closed'),(58,3,4,'2006-04-22 00:00:00','2006-04-22 00:00:00',1,'Christina Lee','123 4th Street','New York','NY','99999','USA',5.0000,0.0000,'Credit Card','2006-04-22 00:00:00',NULL,0,'Closed'),(60,6,8,'2006-04-30 00:00:00','2006-04-30 00:00:00',3,'Elizabeth Andersen','123 8th Street','Portland','OR','99999','USA',50.0000,0.0000,'Credit Card','2006-04-30 00:00:00',NULL,0,'Closed'),(63,4,3,'2006-04-25 00:00:00','2006-04-25 00:00:00',2,'Thomas Axen','123 3rd Street','Los Angelas','CA','99999','USA',7.0000,0.0000,'Cash','2006-04-25 00:00:00',NULL,0,'Closed'),(67,4,10,'2006-05-24 00:00:00','2006-05-24 00:00:00',2,'Roland Wacker','123 10th Street','Chicago','IL','99999','USA',9.0000,0.0000,'Credit Card','2006-05-24 00:00:00',NULL,0,'Closed'),(72,1,28,'2006-06-07 00:00:00','2006-06-07 00:00:00',3,'Amritansh Raghav','789 28th Street','Memphis','TN','99999','USA',40.0000,0.0000,'Credit Card','2006-06-07 00:00:00',NULL,0,'Closed'),(73,7,9,'2006-06-05 00:00:00','2006-06-05 00:00:00',1,'Sven Mortensen','123 9th Street','Salt Lake City','UT','99999','USA',100.0000,0.0000,'Check','2006-06-05 00:00:00',NULL,0,'Closed'),(74,6,6,'2006-06-08 00:00:00','2006-06-08 00:00:00',2,'Francisco Pérez-Olaeta','123 6th Street','Milwaukee','WI','99999','USA',300.0000,0.0000,'Credit Card','2006-06-08 00:00:00',NULL,0,'Closed'),(75,4,8,'2006-06-05 00:00:00','2006-06-05 00:00:00',2,'Elizabeth Andersen','123 8th Street','Portland','OR','99999','USA',50.0000,0.0000,'Check','2006-06-05 00:00:00',NULL,0,'Closed'),(76,9,25,'2006-06-05 00:00:00','2006-06-05 00:00:00',1,'John Rodman','789 25th Street','Chicago','IL','99999','USA',5.0000,0.0000,'Cash','2006-06-05 00:00:00',NULL,0,'Closed'),(77,9,26,'2006-06-05 00:00:00','2006-06-05 00:00:00',3,'Run Liu','789 26th Street','Miami','FL','99999','USA',60.0000,0.0000,'Credit Card','2006-06-05 00:00:00',NULL,0,'Closed'),(78,1,29,'2006-06-05 00:00:00','2006-06-05 00:00:00',2,'Soo Jung Lee','789 29th Street','Denver','CO','99999','USA',200.0000,0.0000,'Check','2006-06-05 00:00:00',NULL,0,'Closed'),(79,2,6,'2006-06-23 00:00:00','2006-06-23 00:00:00',3,'Francisco Pérez-Olaeta','123 6th Street','Milwaukee','WI','99999','USA',0.0000,0.0000,'Check','2006-06-23 00:00:00',NULL,0,'Closed');
/*!40000 ALTER TABLE `orders` ENABLE KEYS */;
UNLOCK TABLES;

--
-- Table structure for table `products`
--

DROP TABLE IF EXISTS `products`;
/*!40101 SET @saved_cs_client     = @@character_set_client */;
/*!40101 SET character_set_client = utf8 */;
CREATE TABLE `products` (
  `supplier_ids` longtext DEFAULT NULL,
  `id` int(11) NOT NULL AUTO_INCREMENT,
  `product_code` varchar(25) DEFAULT NULL,
  `product_name` varchar(50) DEFAULT NULL,
  `description` longtext DEFAULT NULL,
  `standard_cost` decimal(19,4) DEFAULT 0.0000,
  `list_price` decimal(19,4) NOT NULL DEFAULT 0.0000,
  `reorder_level` int(11) DEFAULT NULL,
  `target_level` int(11) DEFAULT NULL,
  `quantity_per_unit` varchar(50) DEFAULT NULL,
  `discontinued` tinyint(1) NOT NULL DEFAULT 0,
  `minimum_reorder_quantity` int(11) DEFAULT NULL,
  `category` varchar(50) DEFAULT NULL,
  `attachments` longblob DEFAULT NULL,
  PRIMARY KEY (`id`),
  KEY `product_code` (`product_code`)
) ENGINE=InnoDB AUTO_INCREMENT=100 DEFAULT CHARSET=utf8;
/*!40101 SET character_set_client = @saved_cs_client */;

--
-- Dumping data for table `products`
--

LOCK TABLES `products` WRITE;
/*!40000 ALTER TABLE `products` DISABLE KEYS */;
INSERT INTO `products` VALUES ('4',1,'NWTB-1','Northwind Traders Chai',NULL,13.5000,18.0000,10,40,'10 boxes x 20 bags',0,10,'Beverages',''),('10',3,'NWTCO-3','Northwind Traders Syrup',NULL,7.5000,10.0000,25,100,'12 - 550 ml bottles',0,25,'Condiments',''),('10',4,'NWTCO-4','Northwind Traders Cajun Seasoning',NULL,16.5000,22.0000,10,40,'48 - 6 oz jars',0,10,'Condiments',''),('10',5,'NWTO-5','Northwind Traders Olive Oil',NULL,16.0125,21.3500,10,40,'36 boxes',0,10,'Oil',''),('2;6',6,'NWTJP-6','Northwind Traders Boysenberry Spread',NULL,18.7500,25.0000,25,100,'12 - 8 oz jars',0,25,'Jams, Preserves',''),('2',7,'NWTDFN-7','Northwind Traders Dried Pears',NULL,22.5000,30.0000,10,40,'12 - 1 lb pkgs.',0,10,'Dried Fruit & Nuts',''),('8',8,'NWTS-8','Northwind Traders Curry Sauce',NULL,30.0000,40.0000,10,40,'12 - 12 oz jars',0,10,'Sauces',''),('2;6',14,'NWTDFN-14','Northwind Traders Walnuts',NULL,17.4375,23.2500,10,40,'40 - 100 g pkgs.',0,10,'Dried Fruit & Nuts',''),('6',17,'NWTCFV-17','Northwind Traders Fruit Cocktail',NULL,29.2500,39.0000,10,40,'15.25 OZ',0,10,'Canned Fruit & Vegetables',''),('1',19,'NWTBGM-19','Northwind Traders Chocolate Biscuits Mix',NULL,6.9000,9.2000,5,20,'10 boxes x 12 pieces',0,5,'Baked Goods & Mixes',''),('2;6',20,'NWTJP-6','Northwind Traders Marmalade',NULL,60.7500,81.0000,10,40,'30 gift boxes',0,10,'Jams, Preserves',''),('1',21,'NWTBGM-21','Northwind Traders Scones',NULL,7.5000,10.0000,5,20,'24 pkgs. x 4 pieces',0,5,'Baked Goods & Mixes',''),('4',34,'NWTB-34','Northwind Traders Beer',NULL,10.5000,14.0000,15,60,'24 - 12 oz bottles',0,15,'Beverages',''),('7',40,'NWTCM-40','Northwind Traders Crab Meat',NULL,13.8000,18.4000,30,120,'24 - 4 oz tins',0,30,'Canned Meat',''),('6',41,'NWTSO-41','Northwind Traders Clam Chowder',NULL,7.2375,9.6500,10,40,'12 - 12 oz cans',0,10,'Soups',''),('3;4',43,'NWTB-43','Northwind Traders Coffee',NULL,34.5000,46.0000,25,100,'16 - 500 g tins',0,25,'Beverages',''),('10',48,'NWTCA-48','Northwind Traders Chocolate',NULL,9.5625,12.7500,25,100,'10 pkgs',0,25,'Candy',''),('2',51,'NWTDFN-51','Northwind Traders Dried Apples',NULL,39.7500,53.0000,10,40,'50 - 300 g pkgs.',0,10,'Dried Fruit & Nuts',''),('1',52,'NWTG-52','Northwind Traders Long Grain Rice',NULL,5.2500,7.0000,25,100,'16 - 2 kg boxes',0,25,'Grains',''),('1',56,'NWTP-56','Northwind Traders Gnocchi',NULL,28.5000,38.0000,30,120,'24 - 250 g pkgs.',0,30,'Pasta',''),('1',57,'NWTP-57','Northwind Traders Ravioli',NULL,14.6250,19.5000,20,80,'24 - 250 g pkgs.',0,20,'Pasta',''),('8',65,'NWTS-65','Northwind Traders Hot Pepper Sauce',NULL,15.7875,21.0500,10,40,'32 - 8 oz bottles',0,10,'Sauces',''),('8',66,'NWTS-66','Northwind Traders Tomato Sauce',NULL,12.7500,17.0000,20,80,'24 - 8 oz jars',0,20,'Sauces',''),('5',72,'NWTD-72','Northwind Traders Mozzarella',NULL,26.1000,34.8000,10,40,'24 - 200 g pkgs.',0,10,'Dairy products',''),('2;6',74,'NWTDFN-74','Northwind Traders Almonds',NULL,7.5000,10.0000,5,20,'5 kg pkg.',0,5,'Dried Fruit & Nuts',''),('10',77,'NWTCO-77','Northwind Traders Mustard',NULL,9.7500,13.0000,15,60,'12 boxes',0,15,'Condiments',''),('2',80,'NWTDFN-80','Northwind Traders Dried Plums',NULL,3.0000,3.5000,50,75,'1 lb bag',0,25,'Dried Fruit & Nuts',''),('3',81,'NWTB-81','Northwind Traders Green Tea',NULL,2.0000,2.9900,100,125,'20 bags per box',0,25,'Beverages',''),('1',82,'NWTC-82','Northwind Traders Granola',NULL,2.0000,4.0000,20,100,NULL,0,NULL,'Cereal',''),('9',83,'NWTCS-83','Northwind Traders Potato Chips',NULL,0.5000,1.8000,30,200,NULL,0,NULL,'Chips, Snacks',''),('1',85,'NWTBGM-85','Northwind Traders Brownie Mix',NULL,9.0000,12.4900,10,20,'3 boxes',0,5,'Baked Goods & Mixes',''),('1',86,'NWTBGM-86','Northwind Traders Cake Mix',NULL,10.5000,15.9900,10,20,'4 boxes',0,5,'Baked Goods & Mixes',''),('7',87,'NWTB-87','Northwind Traders Tea',NULL,2.0000,4.0000,20,50,'100 count per box',0,NULL,'Beverages',''),('6',88,'NWTCFV-88','Northwind Traders Pears',NULL,1.0000,1.3000,10,40,'15.25 OZ',0,NULL,'Canned Fruit & Vegetables',''),('6',89,'NWTCFV-89','Northwind Traders Peaches',NULL,1.0000,1.5000,10,40,'15.25 OZ',0,NULL,'Canned Fruit & Vegetables',''),('6',90,'NWTCFV-90','Northwind Traders Pineapple',NULL,1.0000,1.8000,10,40,'15.25 OZ',0,NULL,'Canned Fruit & Vegetables',''),('6',91,'NWTCFV-91','Northwind Traders Cherry Pie Filling',NULL,1.0000,2.0000,10,40,'15.25 OZ',0,NULL,'Canned Fruit & Vegetables',''),('6',92,'NWTCFV-92','Northwind Traders Green Beans',NULL,1.0000,1.2000,10,40,'14.5 OZ',0,NULL,'Canned Fruit & Vegetables',''),('6',93,'NWTCFV-93','Northwind Traders Corn',NULL,1.0000,1.2000,10,40,'14.5 OZ',0,NULL,'Canned Fruit & Vegetables',''),('6',94,'NWTCFV-94','Northwind Traders Peas',NULL,1.0000,1.5000,10,40,'14.5 OZ',0,NULL,'Canned Fruit & Vegetables',''),('7',95,'NWTCM-95','Northwind Traders Tuna Fish',NULL,0.5000,2.0000,30,50,'5 oz',0,NULL,'Canned Meat',''),('7',96,'NWTCM-96','Northwind Traders Smoked Salmon',NULL,2.0000,4.0000,30,50,'5 oz',0,NULL,'Canned Meat',''),('1',97,'NWTC-82','Northwind Traders Hot Cereal',NULL,3.0000,5.0000,50,200,NULL,0,NULL,'Cereal',''),('6',98,'NWTSO-98','Northwind Traders Vegetable Soup',NULL,1.0000,1.8900,100,200,NULL,0,NULL,'Soups',''),('6',99,'NWTSO-99','Northwind Traders Chicken Soup',NULL,1.0000,1.9500,100,200,NULL,0,NULL,'Soups','');
/*!40000 ALTER TABLE `products` ENABLE KEYS */;
UNLOCK TABLES;

--
-- Table structure for table `shippers`
--

DROP TABLE IF EXISTS `shippers`;
/*!40101 SET @saved_cs_client     = @@character_set_client */;
/*!40101 SET character_set_client = utf8 */;
CREATE TABLE `shippers` (
  `id` int(11) NOT NULL AUTO_INCREMENT,
  `company` varchar(50) DEFAULT NULL,
  `last_name` varchar(50) DEFAULT NULL,
  `first_name` varchar(50) DEFAULT NULL,
  `email_address` varchar(50) DEFAULT NULL,
  `job_title` varchar(50) DEFAULT NULL,
  `business_phone` varchar(25) DEFAULT NULL,
  `home_phone` varchar(25) DEFAULT NULL,
  `mobile_phone` varchar(25) DEFAULT NULL,
  `fax_number` varchar(25) DEFAULT NULL,
  `address` longtext DEFAULT NULL,
  `city` varchar(50) DEFAULT NULL,
  `state_province` varchar(50) DEFAULT NULL,
  `zip_postal_code` varchar(15) DEFAULT NULL,
  `country_region` varchar(50) DEFAULT NULL,
  `web_page` longtext DEFAULT NULL,
  `notes` longtext DEFAULT NULL,
  `attachments` longblob DEFAULT NULL,
  PRIMARY KEY (`id`)
) ENGINE=InnoDB AUTO_INCREMENT=4 DEFAULT CHARSET=utf8;
/*!40101 SET character_set_client = @saved_cs_client */;

--
-- Dumping data for table `shippers`
--

LOCK TABLES `shippers` WRITE;
/*!40000 ALTER TABLE `shippers` DISABLE KEYS */;
INSERT INTO `shippers` VALUES (1,'Shipping Company A',NULL,NULL,NULL,NULL,NULL,NULL,NULL,NULL,'123 Any Street','Memphis','TN','99999','USA',NULL,NULL,''),(2,'Shipping Company B',NULL,NULL,NULL,NULL,NULL,NULL,NULL,NULL,'123 Any Street','Memphis','TN','99999','USA',NULL,NULL,''),(3,'Shipping Company C',NULL,NULL,NULL,NULL,NULL,NULL,NULL,NULL,'123 Any Street','Memphis','TN','99999','USA',NULL,NULL,'');
/*!40000 ALTER TABLE `shippers` ENABLE KEYS */;
UNLOCK TABLES;

--
-- Table structure for table `suppliers`
--

DROP TABLE IF EXISTS `suppliers`;
/*!40101 SET @saved_cs_client     = @@character_set_client */;
/*!40101 SET character_set_client = utf8 */;
CREATE TABLE `suppliers` (
  `id` int(11) NOT NULL AUTO_INCREMENT,
  `company` varchar(50) DEFAULT NULL,
  `last_name` varchar(50) DEFAULT NULL,
  `first_name` varchar(50) DEFAULT NULL,
  `email_address` varchar(50) DEFAULT NULL,
  `job_title` varchar(50) DEFAULT NULL,
  `business_phone` varchar(25) DEFAULT NULL,
  `home_phone` varchar(25) DEFAULT NULL,
  `mobile_phone` varchar(25) DEFAULT NULL,
  `fax_number` varchar(25) DEFAULT NULL,
  `address` longtext DEFAULT NULL,
  `city` varchar(50) DEFAULT NULL,
  `state_province` varchar(50) DEFAULT NULL,
  `zip_postal_code` varchar(15) DEFAULT NULL,
  `country_region` varchar(50) DEFAULT NULL,
  `web_page` longtext DEFAULT NULL,
  `notes` longtext DEFAULT NULL,
  `attachments` longblob DEFAULT NULL,
  PRIMARY KEY (`id`)
) ENGINE=InnoDB AUTO_INCREMENT=11 DEFAULT CHARSET=utf8;
/*!40101 SET character_set_client = @saved_cs_client */;

--
-- Dumping data for table `suppliers`
--

LOCK TABLES `suppliers` WRITE;
/*!40000 ALTER TABLE `suppliers` DISABLE KEYS */;
INSERT INTO `suppliers` VALUES (1,'Supplier A','Andersen','Elizabeth A.',NULL,'Sales Manager',NULL,NULL,NULL,NULL,NULL,NULL,NULL,NULL,NULL,NULL,NULL,''),(2,'Supplier B','Weiler','Cornelia',NULL,'Sales Manager',NULL,NULL,NULL,NULL,NULL,NULL,NULL,NULL,NULL,NULL,NULL,''),(3,'Supplier C','Kelley','Madeleine',NULL,'Sales Representative',NULL,NULL,NULL,NULL,NULL,NULL,NULL,NULL,NULL,NULL,NULL,''),(4,'Supplier D','Sato','Naoki',NULL,'Marketing Manager',NULL,NULL,NULL,NULL,NULL,NULL,NULL,NULL,NULL,NULL,NULL,''),(5,'Supplier E','Hernandez-Echevarria','Amaya',NULL,'Sales Manager',NULL,NULL,NULL,NULL,NULL,NULL,NULL,NULL,NULL,NULL,NULL,''),(6,'Supplier F','Hayakawa','Satomi',NULL,'Marketing Assistant',NULL,NULL,NULL,NULL,NULL,NULL,NULL,NULL,NULL,NULL,NULL,''),(7,'Supplier G','Glasson','Stuart',NULL,'Marketing Manager',NULL,NULL,NULL,NULL,NULL,NULL,NULL,NULL,NULL,NULL,NULL,''),(8,'Supplier H','Dunton','Bryn Paul',NULL,'Sales Representative',NULL,NULL,NULL,NULL,NULL,NULL,NULL,NULL,NULL,NULL,NULL,''),(9,'Supplier I','Sandberg','Mikael',NULL,'Sales Manager',NULL,NULL,NULL,NULL,NULL,NULL,NULL,NULL,NULL,NULL,NULL,''),(10,'Supplier J','Sousa','Luis',NULL,'Sales Manager',NULL,NULL,NULL,NULL,NULL,NULL,NULL,NULL,NULL,NULL,NULL,'');
/*!40000 ALTER TABLE `suppliers` ENABLE KEYS */;
UNLOCK TABLES;
/*!40103 SET TIME_ZONE=@OLD_TIME_ZONE */;

/*!40101 SET SQL_MODE=@OLD_SQL_MODE */;
/*!40014 SET FOREIGN_KEY_CHECKS=@OLD_FOREIGN_KEY_CHECKS */;
/*!40014 SET UNIQUE_CHECKS=@OLD_UNIQUE_CHECKS */;
/*!40101 SET CHARACTER_SET_CLIENT=@OLD_CHARACTER_SET_CLIENT */;
/*!40101 SET CHARACTER_SET_RESULTS=@OLD_CHARACTER_SET_RESULTS */;
/*!40101 SET COLLATION_CONNECTION=@OLD_COLLATION_CONNECTION */;
/*!40111 SET SQL_NOTES=@OLD_SQL_NOTES */;

-- Dump completed on 2021-10-15 21:13:00
